{
    // Plugin identifiers are globally unique and only contain A-Za-z0-9_-
    "id": "ollama",

    // It is highly recommended to use Semantic Versioning
    "version": "0.0.1",

    // Meta data for display purposes:
    "meta": {
        // label: name of the plugin as displayed, should be short
        "label": "Ollama",

        // description: longer string to help end users understand what this plugin does
        "description": "Process a column of a dataframe using the OLLAMA API to generate content from a free prompt.",

        "author": "Relais4x100a2",

        // icon: must be one of the FontAwesome 5.15.4 icons, complete list here at https://fontawesome.com/v5/docs/
        "icon": "icon-puzzle-piece",

        // List of tags for filtering the list of plugins
        "tags": ["AI", "Ollama", "API"],

        // URL where the user can learn more about the plugin
        "url": "https://github.com/Relais4x100a2/dataiku-ollama-plugin",

        "licenseInfo": "Apache Software License"
    }
}
